timestamp,room,time_bucket,temperature,humidity,light_level,motion,occupancy,weather
2026-04-01T00:00:00,living_room,night,20,45,19,1,1,rainy
2026-04-01T00:00:00,bedroom,night,24,35,42,0,0,windy
2026-04-01T00:00:00,kitchen,night,19,62,43,1,1,sunny
2026-04-01T00:00:00,garage,night,24,56,19,0,1,windy
2026-04-01T00:00:00,front_door,night,16,78,15,0,1,windy
2026-04-01T00:30:00,living_room,night,21,36,10,1,1,windy
2026-04-01T00:30:00,bedroom,night,25,46,7,0,1,windy
2026-04-01T00:30:00,kitchen,night,22,35,40,0,1,cloudy
2026-04-01T00:30:00,garage,night,21,66,17,0,0,sunny
2026-04-01T00:30:00,front_door,night,20,35,19,1,1,sunny
2026-04-01T01:00:00,living_room,night,21,40,28,1,1,cloudy
2026-04-01T01:00:00,bedroom,night,17,68,45,1,1,rainy
2026-04-01T01:00:00,kitchen,night,23,54,22,1,1,rainy
2026-04-01T01:00:00,garage,night,16,44,7,0,1,cloudy
2026-04-01T01:00:00,front_door,night,25,75,25,1,1,rainy
2026-04-01T01:30:00,living_room,night,23,39,21,1,1,rainy
2026-04-01T01:30:00,bedroom,night,20,77,42,0,1,windy
2026-04-01T01:30:00,kitchen,night,19,38,37,0,0,windy
2026-04-01T01:30:00,garage,night,17,39,45,1,1,rainy
2026-04-01T01:30:00,front_door,night,17,54,29,0,0,windy
2026-04-01T02:00:00,living_room,night,16,73,12,0,1,cloudy
2026-04-01T02:00:00,bedroom,night,20,57,15,0,0,windy
2026-04-01T02:00:00,kitchen,night,20,62,16,0,1,sunny
2026-04-01T02:00:00,garage,night,24,68,17,0,0,rainy
2026-04-01T02:00:00,front_door,night,24,30,43,1,1,cloudy
2026-04-01T02:30:00,living_room,night,21,83,24,1,1,rainy
2026-04-01T02:30:00,bedroom,night,17,35,36,0,1,sunny
2026-04-01T02:30:00,kitchen,night,18,38,35,0,0,rainy
2026-04-01T02:30:00,garage,night,22,43,39,0,1,rainy
2026-04-01T02:30:00,front_door,night,21,58,38,0,0,windy
2026-04-01T03:00:00,living_room,night,21,31,42,1,1,rainy
2026-04-01T03:00:00,bedroom,night,16,44,9,1,1,sunny
2026-04-01T03:00:00,kitchen,night,19,47,36,1,0,rainy
2026-04-01T03:00:00,garage,night,25,66,35,0,1,rainy
2026-04-01T03:00:00,front_door,night,19,36,11,0,0,windy
2026-04-01T03:30:00,living_room,night,16,73,11,1,1,sunny
2026-04-01T03:30:00,bedroom,night,17,45,17,1,1,rainy
2026-04-01T03:30:00,kitchen,night,18,47,34,1,1,rainy
2026-04-01T03:30:00,garage,night,24,36,8,1,0,sunny
2026-04-01T03:30:00,front_door,night,19,40,31,0,0,windy
2026-04-01T04:00:00,living_room,night,16,40,29,0,1,sunny
2026-04-01T04:00:00,bedroom,night,23,48,32,0,0,windy
2026-04-01T04:00:00,kitchen,night,16,67,39,1,1,sunny
2026-04-01T04:00:00,garage,night,25,60,37,1,0,rainy
2026-04-01T04:00:00,front_door,night,18,34,43,1,1,sunny
2026-04-01T04:30:00,living_room,night,17,66,20,1,1,sunny
2026-04-01T04:30:00,bedroom,night,25,66,38,1,1,cloudy
2026-04-01T04:30:00,kitchen,night,21,45,21,0,0,windy
2026-04-01T04:30:00,garage,night,23,50,9,0,1,sunny
2026-04-01T04:30:00,front_door,night,17,34,39,0,1,rainy
2026-04-01T05:00:00,living_room,morning,21,34,61,1,0,cloudy
2026-04-01T05:00:00,bedroom,morning,24,75,68,1,1,sunny
2026-04-01T05:00:00,kitchen,morning,17,38,63,0,0,sunny
2026-04-01T05:00:00,garage,morning,18,47,66,0,0,rainy
2026-04-01T05:00:00,front_door,morning,20,62,92,0,0,cloudy
2026-04-01T05:30:00,living_room,morning,17,70,84,0,0,cloudy
2026-04-01T05:30:00,bedroom,morning,18,70,63,1,1,rainy
2026-04-01T05:30:00,kitchen,morning,22,65,31,0,0,sunny
2026-04-01T05:30:00,garage,morning,18,64,34,0,1,cloudy
2026-04-01T05:30:00,front_door,morning,18,32,69,1,0,cloudy
2026-04-01T06:00:00,living_room,morning,16,52,56,0,0,rainy
2026-04-01T06:00:00,bedroom,morning,24,85,82,0,0,rainy
2026-04-01T06:00:00,kitchen,morning,18,81,52,0,0,windy
2026-04-01T06:00:00,garage,morning,21,80,82,0,1,rainy
2026-04-01T06:00:00,front_door,morning,17,54,34,0,1,windy
2026-04-01T06:30:00,living_room,morning,23,52,69,0,1,rainy
2026-04-01T06:30:00,bedroom,morning,22,51,65,0,1,sunny
2026-04-01T06:30:00,kitchen,morning,24,55,98,0,0,cloudy
2026-04-01T06:30:00,garage,morning,20,41,63,1,0,sunny
2026-04-01T06:30:00,front_door,morning,21,57,95,1,1,sunny
2026-04-01T07:00:00,living_room,morning,20,32,85,0,1,sunny
2026-04-01T07:00:00,bedroom,morning,19,53,85,0,0,sunny
2026-04-01T07:00:00,kitchen,morning,25,50,45,0,0,cloudy
2026-04-01T07:00:00,garage,morning,21,55,67,0,0,rainy
2026-04-01T07:00:00,front_door,morning,22,73,52,0,1,cloudy
2026-04-01T07:30:00,living_room,morning,20,48,56,0,1,windy
2026-04-01T07:30:00,bedroom,morning,21,59,86,0,0,windy
2026-04-01T07:30:00,kitchen,morning,18,72,40,0,0,cloudy
2026-04-01T07:30:00,garage,morning,21,35,60,0,0,cloudy
2026-04-01T07:30:00,front_door,morning,16,32,61,1,1,windy
2026-04-01T08:00:00,living_room,morning,23,56,54,0,0,windy
2026-04-01T08:00:00,bedroom,morning,16,78,43,0,0,windy
2026-04-01T08:00:00,kitchen,morning,24,59,36,0,1,rainy
2026-04-01T08:00:00,garage,morning,18,81,89,1,0,cloudy
2026-04-01T08:00:00,front_door,morning,25,82,94,0,0,windy
2026-04-01T08:30:00,living_room,morning,18,77,90,0,0,windy
2026-04-01T08:30:00,bedroom,morning,20,79,96,1,1,windy
2026-04-01T08:30:00,kitchen,morning,17,75,66,0,0,rainy
2026-04-01T08:30:00,garage,morning,24,35,47,1,1,rainy
2026-04-01T08:30:00,front_door,morning,19,34,83,0,1,windy
2026-04-01T09:00:00,living_room,morning,16,43,83,1,1,windy
2026-04-01T09:00:00,bedroom,morning,16,84,78,0,0,windy
2026-04-01T09:00:00,kitchen,morning,22,84,83,1,1,rainy
2026-04-01T09:00:00,garage,morning,23,31,79,0,0,cloudy
2026-04-01T09:00:00,front_door,morning,18,83,89,0,0,rainy
2026-04-01T09:30:00,living_room,morning,22,67,33,0,0,sunny
2026-04-01T09:30:00,bedroom,morning,23,41,36,1,0,cloudy
2026-04-01T09:30:00,kitchen,morning,21,51,78,1,1,cloudy
2026-04-01T09:30:00,garage,morning,20,83,40,0,0,windy
2026-04-01T09:30:00,front_door,morning,21,44,38,1,1,sunny
2026-04-01T10:00:00,living_room,morning,19,83,32,0,0,rainy
2026-04-01T10:00:00,bedroom,morning,17,66,57,1,1,windy
2026-04-01T10:00:00,kitchen,morning,18,68,44,0,0,rainy
2026-04-01T10:00:00,garage,morning,16,49,78,1,0,windy
2026-04-01T10:00:00,front_door,morning,25,74,61,0,0,sunny
2026-04-01T10:30:00,living_room,morning,25,81,45,0,0,sunny
2026-04-01T10:30:00,bedroom,morning,21,34,94,1,1,cloudy
2026-04-01T10:30:00,kitchen,morning,23,36,85,1,1,cloudy
2026-04-01T10:30:00,garage,morning,18,57,52,0,0,cloudy
2026-04-01T10:30:00,front_door,morning,23,59,85,0,0,cloudy
2026-04-01T11:00:00,living_room,morning,17,47,87,1,1,rainy
2026-04-01T11:00:00,bedroom,morning,22,51,33,0,0,windy
2026-04-01T11:00:00,kitchen,morning,19,52,63,0,0,cloudy
2026-04-01T11:00:00,garage,morning,20,65,31,0,1,rainy
2026-04-01T11:00:00,front_door,morning,23,65,60,0,1,windy
2026-04-01T11:30:00,living_room,morning,16,35,67,0,0,rainy
2026-04-01T11:30:00,bedroom,morning,25,53,90,1,1,cloudy
2026-04-01T11:30:00,kitchen,morning,21,52,88,0,1,cloudy
2026-04-01T11:30:00,garage,morning,19,50,45,1,1,rainy
2026-04-01T11:30:00,front_door,morning,20,76,97,0,1,cloudy
2026-04-01T12:00:00,living_room,afternoon,28,44,76,0,0,rainy
2026-04-01T12:00:00,bedroom,afternoon,26,47,35,0,1,sunny
2026-04-01T12:00:00,kitchen,afternoon,26,70,92,0,0,sunny
2026-04-01T12:00:00,garage,afternoon,31,60,86,0,0,cloudy
2026-04-01T12:00:00,front_door,afternoon,31,37,38,1,1,windy
2026-04-01T12:30:00,living_room,afternoon,24,39,49,0,0,cloudy
2026-04-01T12:30:00,bedroom,afternoon,32,78,83,1,1,rainy
2026-04-01T12:30:00,kitchen,afternoon,31,49,84,0,0,cloudy
2026-04-01T12:30:00,garage,afternoon,25,78,56,1,0,rainy
2026-04-01T12:30:00,front_door,afternoon,27,41,100,1,1,sunny
2026-04-01T13:00:00,living_room,afternoon,33,60,67,1,1,sunny
2026-04-01T13:00:00,bedroom,afternoon,31,34,59,0,1,cloudy
2026-04-01T13:00:00,kitchen,afternoon,27,57,44,0,0,rainy
2026-04-01T13:00:00,garage,afternoon,26,34,37,0,0,rainy
2026-04-01T13:00:00,front_door,afternoon,33,48,86,0,0,sunny
2026-04-01T13:30:00,living_room,afternoon,30,47,94,0,0,windy
2026-04-01T13:30:00,bedroom,afternoon,30,77,71,0,1,cloudy
2026-04-01T13:30:00,kitchen,afternoon,33,67,32,1,1,cloudy
2026-04-01T13:30:00,garage,afternoon,26,60,96,0,0,windy
2026-04-01T13:30:00,front_door,afternoon,33,57,92,0,0,sunny
2026-04-01T14:00:00,living_room,afternoon,29,72,43,0,0,rainy
2026-04-01T14:00:00,bedroom,afternoon,28,72,81,0,1,sunny
2026-04-01T14:00:00,kitchen,afternoon,29,37,81,0,0,sunny
2026-04-01T14:00:00,garage,afternoon,30,33,54,0,0,cloudy
2026-04-01T14:00:00,front_door,afternoon,31,78,36,0,0,rainy
2026-04-01T14:30:00,living_room,afternoon,28,58,92,1,1,sunny
2026-04-01T14:30:00,bedroom,afternoon,27,75,50,0,1,cloudy
2026-04-01T14:30:00,kitchen,afternoon,25,44,44,0,0,windy
2026-04-01T14:30:00,garage,afternoon,26,61,67,0,0,cloudy
2026-04-01T14:30:00,front_door,afternoon,31,45,88,1,1,rainy
2026-04-01T15:00:00,living_room,afternoon,32,77,47,0,1,sunny
2026-04-01T15:00:00,bedroom,afternoon,30,51,94,0,1,cloudy
2026-04-01T15:00:00,kitchen,afternoon,28,83,92,0,0,rainy
2026-04-01T15:00:00,garage,afternoon,29,65,99,1,1,windy
2026-04-01T15:00:00,front_door,afternoon,27,74,60,0,0,windy
2026-04-01T15:30:00,living_room,afternoon,24,50,90,0,1,windy
2026-04-01T15:30:00,bedroom,afternoon,26,61,34,0,1,rainy
2026-04-01T15:30:00,kitchen,afternoon,25,85,86,0,0,sunny
2026-04-01T15:30:00,garage,afternoon,26,56,49,0,0,sunny
2026-04-01T15:30:00,front_door,afternoon,29,69,80,0,0,sunny
2026-04-01T16:00:00,living_room,afternoon,32,54,70,0,0,windy
2026-04-01T16:00:00,bedroom,afternoon,25,45,66,1,0,rainy
2026-04-01T16:00:00,kitchen,afternoon,25,78,42,0,0,windy
2026-04-01T16:00:00,garage,afternoon,24,32,71,1,1,sunny
2026-04-01T16:00:00,front_door,afternoon,26,45,97,1,1,windy
2026-04-01T16:30:00,living_room,afternoon,26,41,40,0,0,windy
2026-04-01T16:30:00,bedroom,afternoon,33,39,59,0,0,windy
2026-04-01T16:30:00,kitchen,afternoon,24,81,89,0,0,cloudy
2026-04-01T16:30:00,garage,afternoon,31,52,68,0,0,windy
2026-04-01T16:30:00,front_door,afternoon,28,42,79,0,0,windy
2026-04-01T17:00:00,living_room,evening,24,66,67,1,1,cloudy
2026-04-01T17:00:00,bedroom,evening,25,47,31,0,1,sunny
2026-04-01T17:00:00,kitchen,evening,23,79,59,0,0,cloudy
2026-04-01T17:00:00,garage,evening,23,73,47,1,1,sunny
2026-04-01T17:00:00,front_door,evening,23,80,86,0,0,sunny
2026-04-01T17:30:00,living_room,evening,20,48,71,0,1,windy
2026-04-01T17:30:00,bedroom,evening,27,53,97,1,1,cloudy
2026-04-01T17:30:00,kitchen,evening,26,81,67,0,0,cloudy
2026-04-01T17:30:00,garage,evening,20,39,58,0,0,windy
2026-04-01T17:30:00,front_door,evening,24,35,80,0,0,sunny
2026-04-01T18:00:00,living_room,evening,24,73,63,1,1,windy
2026-04-01T18:00:00,bedroom,evening,20,73,59,0,0,windy
2026-04-01T18:00:00,kitchen,evening,27,50,58,0,1,sunny
2026-04-01T18:00:00,garage,evening,23,71,82,1,1,sunny
2026-04-01T18:00:00,front_door,evening,23,61,44,0,1,sunny
2026-04-01T18:30:00,living_room,evening,25,59,77,1,1,windy
2026-04-01T18:30:00,bedroom,evening,25,71,42,0,1,windy
2026-04-01T18:30:00,kitchen,evening,23,32,77,0,1,rainy
2026-04-01T18:30:00,garage,evening,24,36,77,0,1,cloudy
2026-04-01T18:30:00,front_door,evening,20,84,88,1,1,sunny
2026-04-01T19:00:00,living_room,evening,28,31,36,0,1,cloudy
2026-04-01T19:00:00,bedroom,evening,28,43,38,1,1,rainy
2026-04-01T19:00:00,kitchen,evening,22,51,48,0,1,sunny
2026-04-01T19:00:00,garage,evening,21,64,62,0,1,rainy
2026-04-01T19:00:00,front_door,evening,21,30,75,0,1,rainy
2026-04-01T19:30:00,living_room,evening,23,33,46,1,1,windy
2026-04-01T19:30:00,bedroom,evening,26,58,76,0,1,sunny
2026-04-01T19:30:00,kitchen,evening,28,32,96,1,1,cloudy
2026-04-01T19:30:00,garage,evening,19,60,81,0,1,windy
2026-04-01T19:30:00,front_door,evening,26,34,40,1,1,cloudy
2026-04-01T20:00:00,living_room,evening,23,69,100,1,1,cloudy
2026-04-01T20:00:00,bedroom,evening,23,59,94,0,1,windy
2026-04-01T20:00:00,kitchen,evening,27,76,57,0,1,windy
2026-04-01T20:00:00,garage,evening,24,82,88,1,1,windy
2026-04-01T20:00:00,front_door,evening,25,50,62,1,1,cloudy
2026-04-01T20:30:00,living_room,evening,26,34,41,0,0,sunny
2026-04-01T20:30:00,bedroom,evening,24,81,46,1,1,sunny
2026-04-01T20:30:00,kitchen,evening,24,72,45,0,1,windy
2026-04-01T20:30:00,garage,evening,25,85,36,0,1,cloudy
2026-04-01T20:30:00,front_door,evening,28,62,57,1,1,rainy
2026-04-01T21:00:00,living_room,night,17,52,40,1,1,cloudy
2026-04-01T21:00:00,bedroom,night,19,81,32,1,1,sunny
2026-04-01T21:00:00,kitchen,night,20,31,16,0,1,cloudy
2026-04-01T21:00:00,garage,night,21,52,5,0,0,rainy
2026-04-01T21:00:00,front_door,night,22,34,14,0,0,sunny
2026-04-01T21:30:00,living_room,night,22,56,34,1,1,cloudy
2026-04-01T21:30:00,bedroom,night,21,79,41,1,1,sunny
2026-04-01T21:30:00,kitchen,night,25,33,10,0,0,cloudy
2026-04-01T21:30:00,garage,night,25,58,31,1,1,cloudy
2026-04-01T21:30:00,front_door,night,21,57,12,1,1,cloudy
2026-04-01T22:00:00,living_room,night,24,72,24,0,1,sunny
2026-04-01T22:00:00,bedroom,night,16,30,18,0,1,cloudy
2026-04-01T22:00:00,kitchen,night,20,48,25,0,0,sunny
2026-04-01T22:00:00,garage,night,18,38,29,0,1,rainy
2026-04-01T22:00:00,front_door,night,21,34,30,0,1,sunny
2026-04-01T22:30:00,living_room,night,17,85,25,1,1,windy
2026-04-01T22:30:00,bedroom,night,22,48,12,0,1,windy
2026-04-01T22:30:00,kitchen,night,25,59,28,1,1,sunny
2026-04-01T22:30:00,garage,night,22,67,30,1,1,sunny
2026-04-01T22:30:00,front_door,night,21,44,26,1,1,rainy
2026-04-01T23:00:00,living_room,night,24,62,17,0,1,cloudy
2026-04-01T23:00:00,bedroom,night,18,45,11,0,1,rainy
2026-04-01T23:00:00,kitchen,night,18,78,9,1,1,rainy
2026-04-01T23:00:00,garage,night,23,78,41,0,0,windy
2026-04-01T23:00:00,front_door,night,25,50,45,0,1,cloudy
2026-04-01T23:30:00,living_room,night,23,70,24,1,1,cloudy
2026-04-01T23:30:00,bedroom,night,17,49,34,1,1,windy
2026-04-01T23:30:00,kitchen,night,20,34,10,1,1,windy
2026-04-01T23:30:00,garage,night,16,58,41,0,1,rainy
2026-04-01T23:30:00,front_door,night,18,33,33,1,1,sunny
2026-04-02T00:00:00,living_room,night,17,62,16,0,0,sunny
2026-04-02T00:00:00,bedroom,night,23,63,38,1,1,rainy
2026-04-02T00:00:00,kitchen,night,22,56,26,0,1,sunny
2026-04-02T00:00:00,garage,night,17,51,11,0,0,windy
2026-04-02T00:00:00,front_door,night,25,85,14,0,1,cloudy
2026-04-02T00:30:00,living_room,night,21,49,30,0,1,rainy
2026-04-02T00:30:00,bedroom,night,20,65,29,0,1,cloudy
2026-04-02T00:30:00,kitchen,night,24,35,32,0,0,cloudy
2026-04-02T00:30:00,garage,night,19,51,36,1,1,rainy
2026-04-02T00:30:00,front_door,night,17,48,11,1,1,sunny
2026-04-02T01:00:00,living_room,night,25,38,43,0,1,windy
2026-04-02T01:00:00,bedroom,night,25,81,15,1,1,windy
2026-04-02T01:00:00,kitchen,night,19,58,44,1,1,cloudy
2026-04-02T01:00:00,garage,night,19,64,20,0,0,cloudy
2026-04-02T01:00:00,front_door,night,19,53,41,0,0,windy
2026-04-02T01:30:00,living_room,night,22,62,38,1,1,windy
2026-04-02T01:30:00,bedroom,night,25,38,21,0,0,sunny
2026-04-02T01:30:00,kitchen,night,24,36,38,0,1,sunny
2026-04-02T01:30:00,garage,night,20,58,37,0,1,rainy
2026-04-02T01:30:00,front_door,night,19,82,33,1,0,cloudy
2026-04-02T02:00:00,living_room,night,22,62,28,0,0,rainy
2026-04-02T02:00:00,bedroom,night,19,31,25,1,1,sunny
2026-04-02T02:00:00,kitchen,night,18,38,7,0,0,cloudy
2026-04-02T02:00:00,garage,night,18,78,35,0,0,windy
2026-04-02T02:00:00,front_door,night,16,46,18,0,1,rainy
2026-04-02T02:30:00,living_room,night,24,57,12,0,1,cloudy
2026-04-02T02:30:00,bedroom,night,19,56,45,1,1,windy
2026-04-02T02:30:00,kitchen,night,23,68,39,0,1,sunny
2026-04-02T02:30:00,garage,night,18,48,32,0,1,sunny
2026-04-02T02:30:00,front_door,night,22,41,10,1,1,cloudy
2026-04-02T03:00:00,living_room,night,24,80,37,1,1,sunny
2026-04-02T03:00:00,bedroom,night,22,53,21,1,1,sunny
2026-04-02T03:00:00,kitchen,night,19,76,45,1,1,sunny
2026-04-02T03:00:00,garage,night,21,38,7,0,0,cloudy
2026-04-02T03:00:00,front_door,night,18,83,34,0,1,windy
2026-04-02T03:30:00,living_room,night,17,75,34,0,1,sunny
2026-04-02T03:30:00,bedroom,night,19,32,25,1,1,cloudy
2026-04-02T03:30:00,kitchen,night,24,60,21,0,1,sunny
2026-04-02T03:30:00,garage,night,21,85,8,0,0,cloudy
2026-04-02T03:30:00,front_door,night,22,55,33,0,1,windy
2026-04-02T04:00:00,living_room,night,23,53,38,1,1,cloudy
2026-04-02T04:00:00,bedroom,night,17,57,43,0,0,rainy
2026-04-02T04:00:00,kitchen,night,17,50,23,1,1,cloudy
2026-04-02T04:00:00,garage,night,18,74,33,0,1,cloudy
2026-04-02T04:00:00,front_door,night,21,69,32,0,1,cloudy
2026-04-02T04:30:00,living_room,night,16,34,45,0,1,windy
2026-04-02T04:30:00,bedroom,night,18,31,14,0,1,windy
2026-04-02T04:30:00,kitchen,night,21,53,29,1,1,sunny
2026-04-02T04:30:00,garage,night,21,53,33,0,1,sunny
2026-04-02T04:30:00,front_door,night,22,50,22,1,1,rainy
2026-04-02T05:00:00,living_room,morning,18,61,96,1,0,windy
2026-04-02T05:00:00,bedroom,morning,20,75,87,1,0,rainy
2026-04-02T05:00:00,kitchen,morning,23,42,45,0,0,rainy
2026-04-02T05:00:00,garage,morning,23,35,70,0,0,cloudy
2026-04-02T05:00:00,front_door,morning,20,49,50,0,0,rainy
2026-04-02T05:30:00,living_room,morning,17,42,47,0,0,rainy
2026-04-02T05:30:00,bedroom,morning,24,66,77,1,0,windy
2026-04-02T05:30:00,kitchen,morning,25,35,38,0,0,cloudy
2026-04-02T05:30:00,garage,morning,23,63,82,0,1,windy
2026-04-02T05:30:00,front_door,morning,21,71,39,1,0,windy
2026-04-02T06:00:00,living_room,morning,18,83,100,0,0,rainy
2026-04-02T06:00:00,bedroom,morning,24,85,37,1,0,sunny
2026-04-02T06:00:00,kitchen,morning,18,50,58,0,0,cloudy
2026-04-02T06:00:00,garage,morning,20,84,40,0,0,cloudy
2026-04-02T06:00:00,front_door,morning,20,38,68,0,1,sunny
2026-04-02T06:30:00,living_room,morning,25,39,51,0,0,cloudy
2026-04-02T06:30:00,bedroom,morning,16,35,35,0,0,cloudy
2026-04-02T06:30:00,kitchen,morning,22,69,33,0,0,windy
2026-04-02T06:30:00,garage,morning,20,60,61,0,0,windy
2026-04-02T06:30:00,front_door,morning,16,40,86,1,1,windy
2026-04-02T07:00:00,living_room,morning,25,39,70,0,0,cloudy
2026-04-02T07:00:00,bedroom,morning,22,38,77,0,0,sunny
2026-04-02T07:00:00,kitchen,morning,20,58,61,1,1,rainy
2026-04-02T07:00:00,garage,morning,22,85,83,1,1,rainy
2026-04-02T07:00:00,front_door,morning,21,66,70,0,0,rainy
2026-04-02T07:30:00,living_room,morning,24,59,93,0,0,cloudy
2026-04-02T07:30:00,bedroom,morning,22,62,88,1,0,rainy
2026-04-02T07:30:00,kitchen,morning,16,48,93,1,1,windy
2026-04-02T07:30:00,garage,morning,17,57,47,1,1,cloudy
2026-04-02T07:30:00,front_door,morning,21,32,81,0,0,sunny
2026-04-02T08:00:00,living_room,morning,24,48,39,0,0,windy
2026-04-02T08:00:00,bedroom,morning,20,82,45,0,0,rainy
2026-04-02T08:00:00,kitchen,morning,21,65,76,0,0,rainy
2026-04-02T08:00:00,garage,morning,24,32,35,1,1,sunny
2026-04-02T08:00:00,front_door,morning,23,63,88,1,1,rainy
2026-04-02T08:30:00,living_room,morning,21,69,70,0,0,rainy
2026-04-02T08:30:00,bedroom,morning,20,67,73,0,1,windy
2026-04-02T08:30:00,kitchen,morning,16,53,72,0,0,sunny
2026-04-02T08:30:00,garage,morning,16,68,90,0,0,cloudy
2026-04-02T08:30:00,front_door,morning,25,66,59,0,0,sunny
2026-04-02T09:00:00,living_room,morning,25,79,78,0,0,rainy
2026-04-02T09:00:00,bedroom,morning,25,74,44,0,0,rainy
2026-04-02T09:00:00,kitchen,morning,18,56,56,1,1,windy
2026-04-02T09:00:00,garage,morning,23,85,37,0,0,rainy
2026-04-02T09:00:00,front_door,morning,23,63,78,0,0,cloudy
2026-04-02T09:30:00,living_room,morning,24,51,99,0,0,cloudy
2026-04-02T09:30:00,bedroom,morning,20,69,91,0,0,rainy
2026-04-02T09:30:00,kitchen,morning,20,44,68,0,0,cloudy
2026-04-02T09:30:00,garage,morning,23,50,91,0,0,cloudy
2026-04-02T09:30:00,front_door,morning,20,48,45,0,0,windy
2026-04-02T10:00:00,living_room,morning,21,79,48,0,0,cloudy
2026-04-02T10:00:00,bedroom,morning,17,52,86,0,1,cloudy
2026-04-02T10:00:00,kitchen,morning,24,47,64,0,0,rainy
2026-04-02T10:00:00,garage,morning,19,45,36,0,1,rainy
2026-04-02T10:00:00,front_door,morning,22,51,90,1,0,sunny
2026-04-02T10:30:00,living_room,morning,24,40,82,1,0,windy
2026-04-02T10:30:00,bedroom,morning,20,50,66,0,0,sunny
2026-04-02T10:30:00,kitchen,morning,25,44,98,1,0,sunny
2026-04-02T10:30:00,garage,morning,18,32,80,0,0,windy
2026-04-02T10:30:00,front_door,morning,20,32,31,0,1,cloudy
2026-04-02T11:00:00,living_room,morning,21,48,88,1,0,windy
2026-04-02T11:00:00,bedroom,morning,24,59,64,1,0,rainy
2026-04-02T11:00:00,kitchen,morning,23,71,62,0,0,rainy
2026-04-02T11:00:00,garage,morning,20,66,54,1,1,rainy
2026-04-02T11:00:00,front_door,morning,22,82,84,0,0,cloudy
2026-04-02T11:30:00,living_room,morning,18,38,91,0,1,cloudy
2026-04-02T11:30:00,bedroom,morning,22,45,87,1,0,cloudy
2026-04-02T11:30:00,kitchen,morning,25,30,63,0,0,cloudy
2026-04-02T11:30:00,garage,morning,17,59,69,1,0,rainy
2026-04-02T11:30:00,front_door,morning,20,74,45,1,1,cloudy
2026-04-02T12:00:00,living_room,afternoon,26,60,49,1,1,windy
2026-04-02T12:00:00,bedroom,afternoon,30,74,100,0,0,windy
2026-04-02T12:00:00,kitchen,afternoon,27,78,61,0,0,sunny
2026-04-02T12:00:00,garage,afternoon,29,34,44,0,0,sunny
2026-04-02T12:00:00,front_door,afternoon,27,66,98,0,0,rainy
2026-04-02T12:30:00,living_room,afternoon,31,37,56,0,1,windy
2026-04-02T12:30:00,bedroom,afternoon,24,59,46,1,1,windy
2026-04-02T12:30:00,kitchen,afternoon,31,73,69,1,0,sunny
2026-04-02T12:30:00,garage,afternoon,27,67,39,0,1,sunny
2026-04-02T12:30:00,front_door,afternoon,32,33,38,0,1,windy
2026-04-02T13:00:00,living_room,afternoon,26,79,83,1,1,cloudy
2026-04-02T13:00:00,bedroom,afternoon,30,54,40,0,0,rainy
2026-04-02T13:00:00,kitchen,afternoon,26,64,80,0,0,rainy
2026-04-02T13:00:00,garage,afternoon,24,78,32,0,0,cloudy
2026-04-02T13:00:00,front_door,afternoon,30,64,78,0,0,rainy
2026-04-02T13:30:00,living_room,afternoon,28,42,44,1,1,sunny
2026-04-02T13:30:00,bedroom,afternoon,24,45,56,0,0,sunny
2026-04-02T13:30:00,kitchen,afternoon,33,73,36,1,1,rainy
2026-04-02T13:30:00,garage,afternoon,27,64,57,0,0,sunny
2026-04-02T13:30:00,front_door,afternoon,27,82,70,0,1,cloudy
2026-04-02T14:00:00,living_room,afternoon,32,44,82,0,1,cloudy
2026-04-02T14:00:00,bedroom,afternoon,33,77,52,0,1,windy
2026-04-02T14:00:00,kitchen,afternoon,29,71,78,1,0,cloudy
2026-04-02T14:00:00,garage,afternoon,28,54,53,0,0,windy
2026-04-02T14:00:00,front_door,afternoon,26,81,89,1,1,sunny
2026-04-02T14:30:00,living_room,afternoon,32,63,47,0,0,windy
2026-04-02T14:30:00,bedroom,afternoon,25,58,77,1,1,sunny
2026-04-02T14:30:00,kitchen,afternoon,24,47,78,0,0,sunny
2026-04-02T14:30:00,garage,afternoon,33,76,57,0,0,windy
2026-04-02T14:30:00,front_door,afternoon,28,30,57,0,1,rainy
2026-04-02T15:00:00,living_room,afternoon,31,45,56,1,0,windy
2026-04-02T15:00:00,bedroom,afternoon,28,54,89,0,0,cloudy
2026-04-02T15:00:00,kitchen,afternoon,31,59,42,1,1,windy
2026-04-02T15:00:00,garage,afternoon,27,53,70,0,0,windy
2026-04-02T15:00:00,front_door,afternoon,26,31,63,0,1,windy
2026-04-02T15:30:00,living_room,afternoon,27,54,61,1,1,windy
2026-04-02T15:30:00,bedroom,afternoon,29,46,92,0,0,windy
2026-04-02T15:30:00,kitchen,afternoon,29,40,47,0,0,windy
2026-04-02T15:30:00,garage,afternoon,24,63,34,0,1,sunny
2026-04-02T15:30:00,front_door,afternoon,24,56,47,0,0,rainy
2026-04-02T16:00:00,living_room,afternoon,27,62,88,1,1,cloudy
2026-04-02T16:00:00,bedroom,afternoon,33,60,92,0,1,sunny
2026-04-02T16:00:00,kitchen,afternoon,24,31,97,0,1,cloudy
2026-04-02T16:00:00,garage,afternoon,32,82,85,0,0,rainy
2026-04-02T16:00:00,front_door,afternoon,26,45,54,1,1,cloudy
2026-04-02T16:30:00,living_room,afternoon,30,35,77,0,0,windy
2026-04-02T16:30:00,bedroom,afternoon,27,49,40,0,0,sunny
2026-04-02T16:30:00,kitchen,afternoon,32,60,37,1,1,sunny
2026-04-02T16:30:00,garage,afternoon,30,71,72,1,0,sunny
2026-04-02T16:30:00,front_door,afternoon,27,43,90,0,0,cloudy
2026-04-02T17:00:00,living_room,evening,23,64,34,1,1,rainy
2026-04-02T17:00:00,bedroom,evening,22,67,48,0,0,windy
2026-04-02T17:00:00,kitchen,evening,28,45,79,0,0,cloudy
2026-04-02T17:00:00,garage,evening,20,62,74,0,1,sunny
2026-04-02T17:00:00,front_door,evening,20,51,80,1,1,cloudy
2026-04-02T17:30:00,living_room,evening,26,61,59,1,1,cloudy
2026-04-02T17:30:00,bedroom,evening,21,73,78,1,1,sunny
2026-04-02T17:30:00,kitchen,evening,22,75,39,0,0,sunny
2026-04-02T17:30:00,garage,evening,21,77,79,1,1,cloudy
2026-04-02T17:30:00,front_door,evening,23,58,76,1,1,cloudy
2026-04-02T18:00:00,living_room,evening,25,58,95,1,1,windy
2026-04-02T18:00:00,bedroom,evening,27,35,71,1,1,windy
2026-04-02T18:00:00,kitchen,evening,20,76,61,1,1,rainy
2026-04-02T18:00:00,garage,evening,23,49,64,1,1,windy
2026-04-02T18:00:00,front_door,evening,23,56,68,1,1,windy
2026-04-02T18:30:00,living_room,evening,22,76,93,0,0,rainy
2026-04-02T18:30:00,bedroom,evening,19,55,72,1,1,windy
2026-04-02T18:30:00,kitchen,evening,24,57,47,0,0,cloudy
2026-04-02T18:30:00,garage,evening,22,60,70,0,1,rainy
2026-04-02T18:30:00,front_door,evening,23,77,92,0,0,rainy
2026-04-02T19:00:00,living_room,evening,25,53,44,1,1,rainy
2026-04-02T19:00:00,bedroom,evening,27,31,89,1,1,rainy
2026-04-02T19:00:00,kitchen,evening,20,82,82,1,1,windy
2026-04-02T19:00:00,garage,evening,23,72,49,1,1,windy
2026-04-02T19:00:00,front_door,evening,28,60,81,1,0,windy
2026-04-02T19:30:00,living_room,evening,24,74,98,0,1,sunny
2026-04-02T19:30:00,bedroom,evening,24,40,35,1,1,windy
2026-04-02T19:30:00,kitchen,evening,25,36,31,0,0,sunny
2026-04-02T19:30:00,garage,evening,27,65,58,1,1,windy
2026-04-02T19:30:00,front_door,evening,28,74,94,1,1,rainy
2026-04-02T20:00:00,living_room,evening,20,48,83,1,1,sunny
2026-04-02T20:00:00,bedroom,evening,21,52,69,0,1,cloudy
2026-04-02T20:00:00,kitchen,evening,26,52,90,1,1,sunny
2026-04-02T20:00:00,garage,evening,24,34,68,0,1,sunny
2026-04-02T20:00:00,front_door,evening,24,71,43,1,0,rainy
2026-04-02T20:30:00,living_room,evening,27,41,100,0,0,rainy
2026-04-02T20:30:00,bedroom,evening,26,44,81,1,1,rainy
2026-04-02T20:30:00,kitchen,evening,25,31,55,0,1,windy
2026-04-02T20:30:00,garage,evening,22,43,65,1,1,sunny
2026-04-02T20:30:00,front_door,evening,27,41,76,0,1,cloudy
2026-04-02T21:00:00,living_room,night,23,63,45,1,1,cloudy
2026-04-02T21:00:00,bedroom,night,25,37,27,0,1,cloudy
2026-04-02T21:00:00,kitchen,night,20,69,42,0,0,sunny
2026-04-02T21:00:00,garage,night,19,49,12,1,1,rainy
2026-04-02T21:00:00,front_door,night,22,56,43,1,1,rainy
2026-04-02T21:30:00,living_room,night,23,70,39,1,1,rainy
2026-04-02T21:30:00,bedroom,night,18,41,25,1,1,windy
2026-04-02T21:30:00,kitchen,night,16,61,13,0,1,rainy
2026-04-02T21:30:00,garage,night,24,71,36,0,0,windy
2026-04-02T21:30:00,front_door,night,23,61,15,1,1,sunny
2026-04-02T22:00:00,living_room,night,19,48,7,0,1,cloudy
2026-04-02T22:00:00,bedroom,night,23,66,36,1,1,sunny
2026-04-02T22:00:00,kitchen,night,24,82,28,1,1,sunny
2026-04-02T22:00:00,garage,night,19,57,11,0,0,rainy
2026-04-02T22:00:00,front_door,night,23,46,27,0,1,sunny
2026-04-02T22:30:00,living_room,night,19,43,42,0,1,cloudy
2026-04-02T22:30:00,bedroom,night,22,40,44,0,0,rainy
2026-04-02T22:30:00,kitchen,night,16,66,27,0,0,cloudy
2026-04-02T22:30:00,garage,night,20,48,41,1,1,cloudy
2026-04-02T22:30:00,front_door,night,17,38,31,0,0,sunny
2026-04-02T23:00:00,living_room,night,18,74,13,0,0,rainy
2026-04-02T23:00:00,bedroom,night,19,78,30,1,1,windy
2026-04-02T23:00:00,kitchen,night,22,54,33,0,1,sunny
2026-04-02T23:00:00,garage,night,17,55,37,0,1,cloudy
2026-04-02T23:00:00,front_door,night,23,61,25,0,1,sunny
2026-04-02T23:30:00,living_room,night,17,76,34,0,0,cloudy
2026-04-02T23:30:00,bedroom,night,22,43,32,0,0,rainy
2026-04-02T23:30:00,kitchen,night,20,51,40,1,1,rainy
2026-04-02T23:30:00,garage,night,21,73,8,1,1,sunny
2026-04-02T23:30:00,front_door,night,23,31,12,0,1,rainy
2026-04-03T00:00:00,living_room,night,22,42,13,1,1,cloudy
2026-04-03T00:00:00,bedroom,night,20,35,28,0,1,cloudy
2026-04-03T00:00:00,kitchen,night,18,33,30,0,1,cloudy
2026-04-03T00:00:00,garage,night,22,71,10,0,0,sunny
2026-04-03T00:00:00,front_door,night,18,67,19,1,1,windy
2026-04-03T00:30:00,living_room,night,17,85,32,0,1,rainy
2026-04-03T00:30:00,bedroom,night,17,76,11,1,1,sunny
2026-04-03T00:30:00,kitchen,night,18,54,13,0,1,rainy
2026-04-03T00:30:00,garage,night,25,71,15,0,1,windy
2026-04-03T00:30:00,front_door,night,18,56,44,1,1,windy
2026-04-03T01:00:00,living_room,night,17,38,12,1,0,windy
2026-04-03T01:00:00,bedroom,night,18,45,22,1,1,sunny
2026-04-03T01:00:00,kitchen,night,25,48,6,0,1,cloudy
2026-04-03T01:00:00,garage,night,19,77,30,0,1,cloudy
2026-04-03T01:00:00,front_door,night,19,61,29,0,1,sunny
2026-04-03T01:30:00,living_room,night,17,63,5,0,1,cloudy
2026-04-03T01:30:00,bedroom,night,25,56,28,1,0,rainy
2026-04-03T01:30:00,kitchen,night,17,31,42,0,0,sunny
2026-04-03T01:30:00,garage,night,16,80,30,1,1,cloudy
2026-04-03T01:30:00,front_door,night,22,57,30,1,1,sunny
2026-04-03T02:00:00,living_room,night,18,47,10,1,1,cloudy
2026-04-03T02:00:00,bedroom,night,18,64,25,0,1,windy
2026-04-03T02:00:00,kitchen,night,17,49,32,0,1,rainy
2026-04-03T02:00:00,garage,night,22,37,34,1,1,sunny
2026-04-03T02:00:00,front_door,night,18,37,5,0,1,rainy
2026-04-03T02:30:00,living_room,night,21,63,38,0,0,cloudy
2026-04-03T02:30:00,bedroom,night,20,76,12,1,1,sunny
2026-04-03T02:30:00,kitchen,night,24,34,21,1,1,sunny
2026-04-03T02:30:00,garage,night,16,61,41,1,1,rainy
2026-04-03T02:30:00,front_door,night,17,66,12,1,1,rainy
2026-04-03T03:00:00,living_room,night,16,45,7,1,0,windy
2026-04-03T03:00:00,bedroom,night,18,84,7,0,1,windy
2026-04-03T03:00:00,kitchen,night,21,47,9,1,1,cloudy
2026-04-03T03:00:00,garage,night,16,41,19,0,1,sunny
2026-04-03T03:00:00,front_door,night,23,85,23,1,0,cloudy
2026-04-03T03:30:00,living_room,night,16,53,17,0,1,cloudy
2026-04-03T03:30:00,bedroom,night,25,45,34,1,1,cloudy
2026-04-03T03:30:00,kitchen,night,19,76,39,1,1,rainy
2026-04-03T03:30:00,garage,night,16,44,39,0,1,cloudy
2026-04-03T03:30:00,front_door,night,16,51,5,0,1,windy
2026-04-03T04:00:00,living_room,night,17,43,38,0,0,rainy
2026-04-03T04:00:00,bedroom,night,18,75,22,0,1,sunny
2026-04-03T04:00:00,kitchen,night,24,56,28,1,1,windy
2026-04-03T04:00:00,garage,night,17,62,13,1,0,windy
2026-04-03T04:00:00,front_door,night,22,72,13,0,1,rainy
2026-04-03T04:30:00,living_room,night,22,74,25,0,1,cloudy
2026-04-03T04:30:00,bedroom,night,19,38,42,1,1,sunny
2026-04-03T04:30:00,kitchen,night,23,50,31,1,1,sunny
2026-04-03T04:30:00,garage,night,19,58,24,0,1,windy
2026-04-03T04:30:00,front_door,night,18,81,24,1,1,sunny
2026-04-03T05:00:00,living_room,morning,18,35,61,0,1,cloudy
2026-04-03T05:00:00,bedroom,morning,20,46,52,1,1,sunny
2026-04-03T05:00:00,kitchen,morning,24,77,100,0,0,rainy
2026-04-03T05:00:00,garage,morning,18,37,31,1,1,sunny
2026-04-03T05:00:00,front_door,morning,18,42,81,0,0,cloudy
2026-04-03T05:30:00,living_room,morning,17,67,63,0,0,sunny
2026-04-03T05:30:00,bedroom,morning,23,81,46,1,1,sunny
2026-04-03T05:30:00,kitchen,morning,21,37,35,0,0,windy
2026-04-03T05:30:00,garage,morning,22,82,80,0,1,windy
2026-04-03T05:30:00,front_door,morning,18,52,57,0,1,rainy
2026-04-03T06:00:00,living_room,morning,18,32,61,1,1,cloudy
2026-04-03T06:00:00,bedroom,morning,23,33,41,0,0,cloudy
2026-04-03T06:00:00,kitchen,morning,24,45,99,1,1,sunny
2026-04-03T06:00:00,garage,morning,21,60,99,0,0,windy
2026-04-03T06:00:00,front_door,morning,21,54,64,0,1,rainy
2026-04-03T06:30:00,living_room,morning,16,81,65,0,1,sunny
2026-04-03T06:30:00,bedroom,morning,21,79,59,0,0,rainy
2026-04-03T06:30:00,kitchen,morning,20,64,37,0,1,rainy
2026-04-03T06:30:00,garage,morning,22,52,52,0,0,rainy
2026-04-03T06:30:00,front_door,morning,21,67,33,1,1,cloudy
2026-04-03T07:00:00,living_room,morning,25,42,93,0,0,cloudy
2026-04-03T07:00:00,bedroom,morning,16,44,58,1,1,sunny
2026-04-03T07:00:00,kitchen,morning,25,42,46,1,0,cloudy
2026-04-03T07:00:00,garage,morning,21,33,32,0,0,rainy
2026-04-03T07:00:00,front_door,morning,17,84,97,0,0,cloudy
2026-04-03T07:30:00,living_room,morning,22,67,42,0,0,cloudy
2026-04-03T07:30:00,bedroom,morning,18,76,85,1,1,windy
2026-04-03T07:30:00,kitchen,morning,24,74,75,0,0,rainy
2026-04-03T07:30:00,garage,morning,22,49,67,0,0,rainy
2026-04-03T07:30:00,front_door,morning,25,55,34,1,1,rainy
2026-04-03T08:00:00,living_room,morning,25,44,43,0,0,windy
2026-04-03T08:00:00,bedroom,morning,19,52,70,0,1,rainy
2026-04-03T08:00:00,kitchen,morning,21,58,31,0,0,cloudy
2026-04-03T08:00:00,garage,morning,21,46,43,0,1,sunny
2026-04-03T08:00:00,front_door,morning,22,40,82,1,1,windy
2026-04-03T08:30:00,living_room,morning,22,36,91,0,0,rainy
2026-04-03T08:30:00,bedroom,morning,16,48,32,1,1,cloudy
2026-04-03T08:30:00,kitchen,morning,21,40,78,1,1,rainy
2026-04-03T08:30:00,garage,morning,17,51,91,0,0,sunny
2026-04-03T08:30:00,front_door,morning,25,57,50,0,1,sunny
2026-04-03T09:00:00,living_room,morning,19,56,100,1,1,cloudy
2026-04-03T09:00:00,bedroom,morning,17,33,80,0,0,windy
2026-04-03T09:00:00,kitchen,morning,22,35,67,1,1,windy
2026-04-03T09:00:00,garage,morning,18,70,67,1,1,sunny
2026-04-03T09:00:00,front_door,morning,22,60,92,1,0,cloudy
2026-04-03T09:30:00,living_room,morning,18,53,78,1,1,cloudy
2026-04-03T09:30:00,bedroom,morning,23,59,63,1,1,rainy
2026-04-03T09:30:00,kitchen,morning,18,78,42,0,0,sunny
2026-04-03T09:30:00,garage,morning,22,78,59,0,0,sunny
2026-04-03T09:30:00,front_door,morning,22,64,90,0,0,rainy
2026-04-03T10:00:00,living_room,morning,16,62,96,1,0,rainy
2026-04-03T10:00:00,bedroom,morning,18,40,57,0,1,rainy
2026-04-03T10:00:00,kitchen,morning,22,42,48,1,1,cloudy
2026-04-03T10:00:00,garage,morning,17,35,79,0,1,windy
2026-04-03T10:00:00,front_door,morning,24,59,31,0,0,windy
2026-04-03T10:30:00,living_room,morning,25,67,42,1,1,sunny
2026-04-03T10:30:00,bedroom,morning,20,85,98,1,0,cloudy
2026-04-03T10:30:00,kitchen,morning,23,66,90,0,0,sunny
2026-04-03T10:30:00,garage,morning,25,68,81,1,1,sunny
2026-04-03T10:30:00,front_door,morning,19,33,90,0,1,cloudy
2026-04-03T11:00:00,living_room,morning,20,49,65,1,0,windy
2026-04-03T11:00:00,bedroom,morning,19,38,68,0,0,windy
2026-04-03T11:00:00,kitchen,morning,22,68,41,0,0,rainy
2026-04-03T11:00:00,garage,morning,22,77,92,0,1,cloudy
2026-04-03T11:00:00,front_door,morning,18,34,69,0,0,windy
2026-04-03T11:30:00,living_room,morning,25,31,52,0,1,rainy
2026-04-03T11:30:00,bedroom,morning,16,45,34,0,0,windy
2026-04-03T11:30:00,kitchen,morning,19,47,77,1,1,windy
2026-04-03T11:30:00,garage,morning,17,73,33,0,0,rainy
2026-04-03T11:30:00,front_door,morning,18,85,90,0,1,cloudy
